{"cameraMode":{"drawMode":0,"name":"Shaded","section":"Shading Mode"},"sceneLighting":false,"audioPlay":false,"sceneViewState":{"showFog":true,"showMaterialUpdate":false,"showSkybox":false,"showFlares":true,"showImageEffects":true,"showParticleSystems":true},"in2DMode":false,"pivot":{"x":1033.6552734375,"y":626.83349609375,"z":9.68829345703125},"rotation":{"x":0.013186546973884106,"y":0.023092210292816163,"z":0.0003072342951782048,"w":-0.9996585249900818},"size":163.09471130371095,"orthographic":false}